{
  "kisa": "5372934059196416",
  "kisatiedot": {
    "nimi": "Rogaining",
    "id": 5372934059196416,
    "loppuaika": "2017-03-18 20:00:00",
    "kesto": 8,
    "alkuaika": "2017-03-18 09:00:00"
  },
  "rastit": [
    {
      "lon": "25.737019",
      "koodi": "31",
      "lat": "62.133029",
      "id": 4685962630135808,
      "pisteet": 3
    },
    {
      "lon": "25.694017",
      "koodi": "32",
      "lat": "62.144101",
      "id": 6320405589524480,
      "pisteet": 3
    },
    {
      "lon": "25.560594",
      "koodi": "33",
      "lat": "62.153435",
      "id": 5876922701578240,
      "pisteet": 3
    },
    {
      "lon": "25.573049",
      "koodi": "34",
      "lat": "62.122986",
      "id": 4854848931495936,
      "pisteet": 3
    },
    {
      "lon": "25.648821",
      "koodi": "35",
      "lat": "62.140919",
      "id": 6579711287230464,
      "pisteet": 3
    },
    {
      "lon": "25.724837",
      "koodi": "36",
      "lat": "62.128162",
      "id": 6498833966039040,
      "pisteet": 3
    },
    {
      "lon": "25.628228",
      "koodi": "37",
      "lat": "62.119060",
      "id": 4875454842404864,
      "pisteet": 3
    },
    {
      "lon": "25.513792",
      "koodi": "38",
      "lat": "62.147825",
      "id": 6090984811134976,
      "pisteet": 3
    },
    {
      "lon": "25.524245",
      "koodi": "39",
      "lat": "62.118778",
      "id": 6529450237755392,
      "pisteet": 3
    },
    {
      "lon": "25.540227",
      "koodi": "40",
      "lat": "62.153864",
      "id": 5091900256157696,
      "pisteet": 4
    },
    {
      "lon": "25.668097",
      "koodi": "41",
      "lat": "62.136462",
      "id": 5076239463219200,
      "pisteet": 4
    },
    {
      "lon": "25.733259",
      "koodi": "42",
      "lat": "62.078212",
      "id": 5266544498049024,
      "pisteet": 4
    },
    {
      "lon": "25.613440",
      "koodi": "43",
      "lat": "62.107914",
      "id": 5811862536978432,
      "pisteet": 4
    },
    {
      "lon": "25.626533",
      "koodi": "44",
      "lat": "62.129767",
      "id": 4913030705971200,
      "pisteet": 4
    },
    {
      "lon": "25.569589",
      "koodi": "45",
      "lat": "62.115924",
      "id": 6029782600908800,
      "pisteet": 4
    },
    {
      "lon": "25.507110",
      "koodi": "46",
      "lat": "62.151460",
      "id": 5445149236658176,
      "pisteet": 4
    },
    {
      "lon": "25.586932",
      "koodi": "47",
      "lat": "62.100104",
      "id": 5665699833839616,
      "pisteet": 4
    },
    {
      "lon": "25.544984",
      "koodi": "48",
      "lat": "62.099795",
      "id": 4669246617419776,
      "pisteet": 4
    },
    {
      "lon": "25.678314",
      "koodi": "49",
      "lat": "62.121247",
      "id": 5209879383900160,
      "pisteet": 4
    },
    {
      "lon": "25.628636",
      "koodi": "50",
      "lat": "62.141654",
      "id": 6120725849047040,
      "pisteet": 5
    },
    {
      "lon": "25.558017",
      "koodi": "51",
      "lat": "62.125561",
      "id": 5528034857713664,
      "pisteet": 5
    },
    {
      "lon": "25.599044",
      "koodi": "52",
      "lat": "62.120424",
      "id": 6601115927838720,
      "pisteet": 5
    },
    {
      "lon": "25.498431",
      "koodi": "53",
      "lat": "62.132320",
      "id": 5373190012403712,
      "pisteet": 5
    },
    {
      "lon": "25.589347",
      "koodi": "54",
      "lat": "62.108717",
      "id": 6202139370061824,
      "pisteet": 5
    },
    {
      "lon": "25.606234",
      "koodi": "55",
      "lat": "62.093203",
      "id": 6392444404891648,
      "pisteet": 5
    },
    {
      "lon": "25.691051",
      "koodi": "56",
      "lat": "62.098636",
      "id": 5248912583557120,
      "pisteet": 5
    },
    {
      "lon": "25.523811",
      "koodi": "57",
      "lat": "62.135094",
      "id": 6038930612813824,
      "pisteet": 5
    },
    {
      "lon": "25.704639",
      "koodi": "58",
      "lat": "62.126591",
      "id": 5466832647487488,
      "pisteet": 5
    },
    {
      "lon": "25.503483",
      "koodi": "59",
      "lat": "62.115914",
      "id": 6571049143500800,
      "pisteet": 5
    },
    {
      "lon": "25.673997",
      "koodi": "5A",
      "lat": "62.102194",
      "id": 5102749880418304,
      "pisteet": 5
    },
    {
      "lon": "25.718561",
      "koodi": "5B",
      "lat": "62.118784",
      "id": 5179900512174080,
      "pisteet": 5
    },
    {
      "lon": "25.652877",
      "koodi": "5C",
      "lat": "62.089674",
      "id": 4894820447289344,
      "pisteet": 5
    },
    {
      "lon": "25.531059",
      "koodi": "5D",
      "lat": "62.123662",
      "id": 6235743596838912,
      "pisteet": 5
    },
    {
      "lon": "25.563169",
      "koodi": "5E",
      "lat": "62.147942",
      "id": 5557775895625728,
      "pisteet": 5
    },
    {
      "lon": "25.674748",
      "koodi": "5F",
      "lat": "62.127514",
      "id": 6653934764556288,
      "pisteet": 5
    },
    {
      "lon": "25.644512",
      "koodi": "60",
      "lat": "62.111830",
      "id": 4771528579219456,
      "pisteet": 6
    },
    {
      "lon": "25.531926",
      "koodi": "61",
      "lat": "62.147942",
      "id": 6471838888624128,
      "pisteet": 6
    },
    {
      "lon": "25.732937",
      "koodi": "62",
      "lat": "62.095246",
      "id": 6217800163000320,
      "pisteet": 6
    },
    {
      "lon": "25.618079",
      "koodi": "63",
      "lat": "62.148123",
      "id": 4794764486508544,
      "pisteet": 6
    },
    {
      "lon": "25.628236",
      "koodi": "64",
      "lat": "62.095187",
      "id": 4985069521338368,
      "pisteet": 6
    },
    {
      "lon": "25.743788",
      "koodi": "65",
      "lat": "62.115241",
      "id": 6374812490399744,
      "pisteet": 6
    },
    {
      "lon": "25.542413",
      "koodi": "66",
      "lat": "62.120776",
      "id": 4554615953555456,
      "pisteet": 6
    },
    {
      "lon": "25.535011",
      "koodi": "67",
      "lat": "62.139918",
      "id": 5313972748156928,
      "pisteet": 6
    },
    {
      "lon": "25.597308",
      "koodi": "68",
      "lat": "62.149572",
      "id": 5980748838338560,
      "pisteet": 6
    },
    {
      "lon": "25.615203",
      "koodi": "69",
      "lat": "62.115047",
      "id": 4750123938611200,
      "pisteet": 6
    },
    {
      "lon": "25.718473",
      "koodi": "6A",
      "lat": "62.141674",
      "id": 5795146524262400,
      "pisteet": 6
    },
    {
      "lon": "25.496020",
      "koodi": "6B",
      "lat": "62.125632",
      "id": 6335779290742784,
      "pisteet": 6
    },
    {
      "lon": "25.687644",
      "koodi": "6C",
      "lat": "62.107580",
      "id": 6683675802468352,
      "pisteet": 6
    },
    {
      "lon": "25.496872",
      "koodi": "6D",
      "lat": "62.156532",
      "id": 4613241183404032,
      "pisteet": 6
    },
    {
      "lon": "25.647515",
      "koodi": "6E",
      "lat": "62.094680",
      "id": 5897428486062080,
      "pisteet": 6
    },
    {
      "lon": "25.509358",
      "koodi": "6F",
      "lat": "62.141243",
      "id": 5064464005070848,
      "pisteet": 6
    },
    {
      "lon": "25.605762",
      "koodi": "70",
      "lat": "62.134681",
      "id": 4810425279447040,
      "pisteet": 7
    },
    {
      "lon": "25.716227",
      "koodi": "71",
      "lat": "62.093545",
      "id": 5844366849474560,
      "pisteet": 7
    },
    {
      "lon": "25.645642",
      "koodi": "72",
      "lat": "62.146315",
      "id": 6214128637050880,
      "pisteet": 7
    },
    {
      "lon": "25.522034",
      "koodi": "73",
      "lat": "62.099512",
      "id": 5720036136189952,
      "pisteet": 7
    },
    {
      "lon": "25.528730",
      "koodi": "74",
      "lat": "62.153364",
      "id": 5680515860398080,
      "pisteet": 7
    },
    {
      "lon": "25.694911",
      "koodi": "75",
      "lat": "62.117266",
      "id": 6439872654999552,
      "pisteet": 7
    },
    {
      "lon": "25.590916",
      "koodi": "76",
      "lat": "62.142319",
      "id": 5417798884917248,
      "pisteet": 7
    },
    {
      "lon": "25.565572",
      "koodi": "77",
      "lat": "62.101185",
      "id": 5876023845453824,
      "pisteet": 7
    },
    {
      "lon": "25.553191",
      "koodi": "78",
      "lat": "62.111294",
      "id": 5232196570841088,
      "pisteet": 7
    },
    {
      "lon": "25.695688",
      "koodi": "79",
      "lat": "62.086189",
      "id": 4928404407189504,
      "pisteet": 7
    },
    {
      "lon": "25.682473",
      "koodi": "7A",
      "lat": "62.134123",
      "id": 6001354749247488,
      "pisteet": 7
    },
    {
      "lon": "25.750133",
      "koodi": "7B",
      "lat": "62.126639",
      "id": 5739141090246656,
      "pisteet": 7
    },
    {
      "lon": "25.562520",
      "koodi": "7C",
      "lat": "62.138397",
      "id": 5334478532640768,
      "pisteet": 7
    },
    {
      "lon": "25.686679",
      "koodi": "7D",
      "lat": "62.081466",
      "id": 6190363911913472,
      "pisteet": 7
    },
    {
      "lon": "25.540316",
      "koodi": "7E",
      "lat": "62.131251",
      "id": 5936325186289664,
      "pisteet": 7
    },
    {
      "lon": "25.728135",
      "koodi": "80",
      "lat": "62.100413",
      "id": 5920664393351168,
      "pisteet": 8
    },
    {
      "lon": "25.668757",
      "koodi": "81",
      "lat": "62.113906",
      "id": 6110969428180992,
      "pisteet": 8
    },
    {
      "lon": "25.597278",
      "koodi": "82",
      "lat": "62.127323",
      "id": 4967437606846464,
      "pisteet": 8
    },
    {
      "lon": "25.665822",
      "koodi": "83",
      "lat": "62.147298",
      "id": 5475980659392512,
      "pisteet": 8
    },
    {
      "lon": "25.661916",
      "koodi": "84",
      "lat": "62.094023",
      "id": 6592732554330112,
      "pisteet": 8
    },
    {
      "lon": "25.518665",
      "koodi": "85",
      "lat": "62.110562",
      "id": 4741461794881536,
      "pisteet": 8
    },
    {
      "lon": "25.576022",
      "koodi": "86",
      "lat": "62.149229",
      "id": 6228649787260928,
      "pisteet": 8
    },
    {
      "lon": "25.526039",
      "koodi": "88",
      "lat": "62.142258",
      "id": 6305800419016704,
      "pisteet": 8
    },
    {
      "lon": "25.728800",
      "koodi": "89",
      "lat": "62.109962",
      "id": 6020720354131968,
      "pisteet": 8
    },
    {
      "lon": "25.635950",
      "koodi": "90",
      "lat": "62.103930",
      "id": 4828368713285632,
      "pisteet": 9
    },
    {
      "lon": "25.714338",
      "koodi": "91",
      "lat": "62.112172",
      "id": 4642982221316096,
      "pisteet": 9
    },
    {
      "lon": "25.493141",
      "koodi": "92",
      "lat": "62.144852",
      "id": 5176191136825344,
      "pisteet": 9
    },
    {
      "lon": "25.519131",
      "koodi": "93",
      "lat": "62.156431",
      "id": 6460378439483392,
      "pisteet": 9
    },
    {
      "lon": "25.649234",
      "koodi": "94",
      "lat": "62.124222",
      "id": 5627413958492160,
      "pisteet": 9
    },
    {
      "lon": "25.577610",
      "koodi": "95",
      "lat": "62.132964",
      "id": 5373375232868352,
      "pisteet": 9
    },
    {
      "lon": "25.680401",
      "koodi": "96",
      "lat": "62.091567",
      "id": 5357714439929856,
      "pisteet": 9
    },
    {
      "lon": "25.671071",
      "koodi": "97",
      "lat": "62.087827",
      "id": 5548019474759680,
      "pisteet": 9
    },
    {
      "lon": "25.650436",
      "koodi": "98",
      "lat": "62.131207",
      "id": 6601880566235136,
      "pisteet": 9
    },
    {
      "lon": "25.729848",
      "koodi": "99",
      "lat": "62.088183",
      "id": 4763145205710848,
      "pisteet": 9
    },
    {
      "lon": "25.666688",
      "koodi": "LAHTO",
      "lat": "62.130280",
      "id": 4821274903707648,
      "pisteet": 0
    },
    {
      "lon": "25.669574",
      "koodi": "MAALI",
      "lat": "62.131769",
      "id": 6358096477683712,
      "pisteet": 0
    }
  ],
  "sarjat": [
    {
      "nimi": "4h",
      "kilpailu": 5372934059196416,
      "matka": "4h",
      "kesto": 4,
      "loppuaika": null,
      "alkuaika": null,
      "id": 4751022794735616
    },
    {
      "nimi": "2h",
      "kilpailu": 5372934059196416,
      "matka": "2h",
      "kesto": 2,
      "loppuaika": null,
      "alkuaika": null,
      "id": 5088228730208256
    },
    {
      "nimi": "8h",
      "kilpailu": 5372934059196416,
      "matka": "8h",
      "kesto": 8,
      "loppuaika": null,
      "alkuaika": null,
      "id": 5639189416640512
    }
  ],
  "joukkueet": [
    {
      "nimi": "Dynamic Duo ",
      "jasenet": [
        "Karhusolan Rentukka",
        "Kutajoen Tiukunen"
      ],
      "sarja": 5639189416640512,
      "seura": null,
      "id": 5389650071912448,
      "rastit": [
        {
          "aika": "2017-03-18 12:00:00",
          "id": 4821274903707648
        },
        {
          "aika": "2017-03-18 12:12:46",
          "id": 6601880566235136
        },
        {
          "aika": "2017-03-18 12:35:59",
          "id": "4875454842404864"
        },
        {
          "aika": "2017-03-18 12:41:35",
          "id": "4750123938611200"
        },
        {
          "aika": "2017-03-18 12:50:13",
          "id": "5811862536978432"
        },
        {
          "aika": "2017-03-18 12:58:02",
          "id": "6202139370061824"
        },
        {
          "aika": "2017-03-18 13:10:19",
          "id": "6029782600908800"
        },
        {
          "aika": "2017-03-18 13:20:08",
          "id": "4554615953555456"
        },
        {
          "aika": "2017-03-18 13:27:58",
          "id": "6235743596838912"
        },
        {
          "aika": "2017-03-18 13:41:35",
          "id": "6038930612813824"
        },
        {
          "aika": "2017-03-18 13:48:17",
          "id": "5064464005070848"
        },
        {
          "aika": "2017-03-18 13:56:18",
          "id": "6090984811134976"
        },
        {
          "aika": "2017-03-18 14:05:21",
          "id": "5445149236658176"
        },
        {
          "aika": "2017-03-18 14:11:30",
          "id": "6460378439483392"
        },
        {
          "aika": "2017-03-18 14:22:10",
          "id": "5680515860398080"
        },
        {
          "aika": "2017-03-18 14:30:03",
          "id": "5091900256157696"
        },
        {
          "aika": "2017-03-18 14:37:00",
          "id": "5876922701578240"
        },
        {
          "aika": "2017-03-18 14:49:36",
          "id": "6471838888624128"
        },
        {
          "aika": "2017-03-18 14:57:53",
          "id": "6305800419016704"
        },
        {
          "aika": "2017-03-18 15:05:03",
          "id": "5313972748156928"
        },
        {
          "aika": "2017-03-18 15:30:48",
          "id": "5528034857713664"
        },
        {
          "aika": "2017-03-18 15:36:47",
          "id": "4854848931495936"
        },
        {
          "aika": "2017-03-18 15:44:29",
          "id": "5373375232868352"
        },
        {
          "aika": "2017-03-18 16:12:01",
          "id": "4967437606846464"
        },
        {
          "aika": "2017-03-18 16:27:49",
          "id": "4810425279447040"
        },
        {
          "aika": "2017-03-18 17:46:52",
          "id": "6653934764556288"
        },
        {
          "aika": "2017-03-18 17:56:49",
          "id": "5209879383900160"
        },
        {
          "aika": "2017-03-18 18:08:44",
          "id": "6439872654999552"
        },
        {
          "aika": "2017-03-18 18:37:46",
          "id": "5844366849474560"
        },
        {
          "aika": "2017-03-18 18:44:32",
          "id": "4763145205710848"
        },
        {
          "aika": "2017-03-18 18:53:50",
          "id": "5920664393351168"
        },
        {
          "aika": "2017-03-18 19:03:29",
          "id": "6020720354131968"
        },
        {
          "aika": "2017-03-18 19:08:46",
          "id": "6374812490399744"
        },
        {
          "aika": "2017-03-18 19:16:37",
          "id": "5739141090246656"
        },
        {
          "aika": "2017-03-18 19:22:52",
          "id": "4685962630135808"
        },
        {
          "aika": "2017-03-18 19:40:01",
          "id": "6001354749247488"
        },
        {
          "aika": "2017-03-18 19:49:45",
          "id": "6358096477683712"
        }
      ],
      "pisteet": 0,
      "matka": 0,
      "leimaustapa": [
        "GPS"
      ],
      "luontiaika": "2015-01-30 00:14:29.378"
    },
    {
      "nimi": "Kotilot ",
      "jasenet": [
        "Kaisa Konttinen",
        "Maija Meikäläinen",
        "Jaana Meikäläinen",
        "Niina Salonen"
      ],
      "sarja": 5088228730208256,
      "seura": null,
      "id": 6008099190079488,
      "rastit": [
        {
          "aika": "2017-03-18 12:00:00",
          "id": 4821274903707648
        },
        {
          "aika": "2017-03-18 12:14:20",
          "id": 6601880566235136
        },
        {
          "aika": "2017-03-18 12:26:20",
          "id": "6601880566235136"
        },
        {
          "aika": "2017-03-18 12:26:45",
          "id": "5627413958492160"
        },
        {
          "aika": "2017-03-18 12:38:56",
          "id": "4875454842404864"
        },
        {
          "aika": "2017-03-18 12:46:32",
          "id": "4750123938611200"
        },
        {
          "aika": "2017-03-18 13:09:15",
          "id": "4828368713285632"
        },
        {
          "aika": "2017-03-18 13:18:03",
          "id": "4828368713285632"
        },
        {
          "aika": "2017-03-18 13:18:15",
          "id": "4771528579219456"
        },
        {
          "aika": "2017-03-18 13:42:08",
          "id": "6653934764556288"
        },
        {
          "aika": "2017-03-18 13:51:13",
          "id": "6358096477683712"
        },
        {
          "aika": "2017-03-18 13:52:04",
          "id": "6358096477683712"
        }
      ],
      "pisteet": 0,
      "matka": 0,
      "leimaustapa": [
        "GPS",
        "NFC",
        "QR"
      ],
      "luontiaika": "2016-01-13 10:15:07.453"
    },
    {
      "nimi": "Kahden joukkue",
      "jasenet": [
        "Matti Humppa",
        "Miikka Talvinen"
      ],
      "sarja": 5639189416640512,
      "seura": null,
      "id": 5156929819115520,
      "rastit": [
        {
          "aika": "2017-03-18 12:00:00",
          "id": 4821274903707648
        },
        {
          "aika": "2017-03-18 12:04:26",
          "id": 6653934764556288
        },
        {
          "aika": "2017-03-18 12:10:27",
          "id": 5209879383900160
        },
        {
          "aika": "2017-03-18 12:20:59",
          "id": "6110969428180992"
        },
        {
          "aika": "2017-03-18 12:33:52",
          "id": "6439872654999552"
        },
        {
          "aika": "2017-03-18 12:50:57",
          "id": "4642982221316096"
        },
        {
          "aika": "2017-03-18 13:17:05",
          "id": "5179900512174080"
        },
        {
          "aika": "2017-03-18 13:17:06",
          "id": "5179900512174080"
        },
        {
          "aika": "2017-03-18 13:24:48",
          "id": "6498833966039040"
        },
        {
          "aika": "2017-03-18 13:24:52",
          "id": "6498833966039040"
        },
        {
          "aika": "2017-03-18 13:24:57",
          "id": "6498833966039040"
        },
        {
          "aika": "2017-03-18 13:35:28",
          "id": "5795146524262400"
        },
        {
          "aika": "2017-03-18 13:42:18",
          "id": "4685962630135808"
        },
        {
          "aika": "2017-03-18 13:47:48",
          "id": "5739141090246656"
        },
        {
          "aika": "2017-03-18 13:54:52",
          "id": "6374812490399744"
        },
        {
          "aika": "2017-03-18 14:01:00",
          "id": "6020720354131968"
        },
        {
          "aika": "2017-03-18 14:10:15",
          "id": "5920664393351168"
        },
        {
          "aika": "2017-03-18 14:17:34",
          "id": "5844366849474560"
        },
        {
          "aika": "2017-03-18 14:21:47",
          "id": "4763145205710848"
        },
        {
          "aika": "2017-03-18 14:33:39",
          "id": "6190363911913472"
        },
        {
          "aika": "2017-03-18 14:37:44",
          "id": "4928404407189504"
        },
        {
          "aika": "2017-03-18 14:47:25",
          "id": "5248912583557120"
        },
        {
          "aika": "2017-03-18 14:58:46",
          "id": "5102749880418304"
        },
        {
          "aika": "2017-03-18 15:21:55",
          "id": "5357714439929856"
        },
        {
          "aika": "2017-03-18 15:35:40",
          "id": "5548019474759680"
        },
        {
          "aika": "2017-03-18 15:59:20",
          "id": "5897428486062080"
        },
        {
          "aika": "2017-03-18 16:09:36",
          "id": "4985069521338368"
        },
        {
          "aika": "2017-03-18 16:18:23",
          "id": "4828368713285632"
        },
        {
          "aika": "2017-03-18 16:28:04",
          "id": "4771528579219456"
        },
        {
          "aika": "2017-03-18 16:49:01",
          "id": "4750123938611200"
        },
        {
          "aika": "2017-03-18 16:57:44",
          "id": "6601115927838720"
        },
        {
          "aika": "2017-03-18 17:09:26",
          "id": "4854848931495936"
        },
        {
          "aika": "2017-03-18 17:21:37",
          "id": "4554615953555456"
        },
        {
          "aika": "2017-03-18 17:25:03",
          "id": "6235743596838912"
        },
        {
          "aika": "2017-03-18 17:37:40",
          "id": "5313972748156928"
        },
        {
          "aika": "2017-03-18 17:42:42",
          "id": "6305800419016704"
        },
        {
          "aika": "2017-03-18 17:47:48",
          "id": "5064464005070848"
        },
        {
          "aika": "2017-03-18 17:51:46",
          "id": "6090984811134976"
        },
        {
          "aika": "2017-03-18 17:54:47",
          "id": "5445149236658176"
        },
        {
          "aika": "2017-03-18 17:59:08",
          "id": "6460378439483392"
        },
        {
          "aika": "2017-03-18 18:05:58",
          "id": "6471838888624128"
        },
        {
          "aika": "2017-03-18 18:12:19",
          "id": "5680515860398080"
        },
        {
          "aika": "2017-03-18 18:18:09",
          "id": "5091900256157696"
        },
        {
          "aika": "2017-03-18 18:21:53",
          "id": "5876922701578240"
        },
        {
          "aika": "2017-03-18 18:39:29",
          "id": "5373375232868352"
        },
        {
          "aika": "2017-03-18 18:52:13",
          "id": "4810425279447040"
        },
        {
          "aika": "2017-03-18 19:06:17",
          "id": "4967437606846464"
        },
        {
          "aika": "2017-03-18 19:23:14",
          "id": "6202139370061824"
        },
        {
          "aika": "2017-03-18 19:36:12",
          "id": "4875454842404864"
        },
        {
          "aika": "2017-03-18 19:48:36",
          "id": "5627413958492160"
        },
        {
          "aika": "2017-03-18 19:58:57",
          "id": "6601880566235136"
        },
        {
          "aika": "2017-03-18 20:05:38",
          "id": "6358096477683712"
        }
      ],
      "pisteet": 0,
      "matka": 0,
      "leimaustapa": [
        "GPS",
        "NFC"
      ],
      "luontiaika": "2016-05-18 20:28:16.711"
    },
    {
      "nimi": "Kaakelin putsaajat ",
      "jasenet": [
        "Timo Ruonanen",
        "Jaana Kaajanen",
        "Mikko Kaajanen"
      ],
      "sarja": 5639189416640512,
      "seura": null,
      "id": 5654850209579008,
      "rastit": [
        {
          "aika": "2017-03-18 12:00:00",
          "id": 4821274903707648
        },
        {
          "aika": "2017-03-18 12:08:48",
          "id": 6601880566235136
        },
        {
          "aika": "2017-03-18 12:16:30",
          "id": 5627413958492160
        },
        {
          "aika": "2017-03-18 12:22:06",
          "id": "4875454842404864"
        },
        {
          "aika": "2017-03-18 12:26:59",
          "id": "4750123938611200"
        },
        {
          "aika": "2017-03-18 12:46:55",
          "id": "6202139370061824"
        },
        {
          "aika": "2017-03-18 12:58:40",
          "id": "5665699833839616"
        },
        {
          "aika": "2017-03-18 13:34:02",
          "id": "5876023845453824"
        },
        {
          "aika": "2017-03-18 13:47:41",
          "id": "5232196570841088"
        },
        {
          "aika": "2017-03-18 14:08:46",
          "id": "4554615953555456"
        },
        {
          "aika": "2017-03-18 14:14:25",
          "id": "6235743596838912"
        },
        {
          "aika": "2017-03-18 14:32:32",
          "id": "4741461794881536"
        },
        {
          "aika": "2017-03-18 14:45:00",
          "id": "6529450237755392"
        },
        {
          "aika": "2017-03-18 14:58:58",
          "id": "6335779290742784"
        },
        {
          "aika": "2017-03-18 15:13:00",
          "id": "5373190012403712"
        },
        {
          "aika": "2017-03-18 15:25:46",
          "id": "5176191136825344"
        },
        {
          "aika": "2017-03-18 15:36:45",
          "id": "5064464005070848"
        },
        {
          "aika": "2017-03-18 15:40:56",
          "id": "6090984811134976"
        },
        {
          "aika": "2017-03-18 15:44:29",
          "id": "5445149236658176"
        },
        {
          "aika": "2017-03-18 16:04:27",
          "id": "4613241183404032"
        },
        {
          "aika": "2017-03-18 16:34:35",
          "id": "6460378439483392"
        },
        {
          "aika": "2017-03-18 16:42:05",
          "id": "5680515860398080"
        },
        {
          "aika": "2017-03-18 16:47:31",
          "id": "5091900256157696"
        },
        {
          "aika": "2017-03-18 16:55:14",
          "id": "6471838888624128"
        },
        {
          "aika": "2017-03-18 17:00:13",
          "id": "6305800419016704"
        },
        {
          "aika": "2017-03-18 17:05:29",
          "id": "5313972748156928"
        },
        {
          "aika": "2017-03-18 17:18:19",
          "id": "5876922701578240"
        },
        {
          "aika": "2017-03-18 17:29:39",
          "id": "5557775895625728"
        },
        {
          "aika": "2017-03-18 17:48:22",
          "id": "6228649787260928"
        },
        {
          "aika": "2017-03-18 18:10:36",
          "id": "5417798884917248"
        },
        {
          "aika": "2017-03-18 18:21:40",
          "id": "5373375232868352"
        },
        {
          "aika": "2017-03-18 18:28:08",
          "id": "4854848931495936"
        },
        {
          "aika": "2017-03-18 18:39:43",
          "id": "6601115927838720"
        },
        {
          "aika": "2017-03-18 18:52:29",
          "id": "4967437606846464"
        },
        {
          "aika": "2017-03-18 19:05:51",
          "id": "4810425279447040"
        },
        {
          "aika": "2017-03-18 19:25:05",
          "id": "6579711287230464"
        },
        {
          "aika": "2017-03-18 19:33:24",
          "id": "5076239463219200"
        },
        {
          "aika": "2017-03-18 19:42:23",
          "id": "6653934764556288"
        },
        {
          "aika": "2017-03-18 19:49:28",
          "id": "6358096477683712"
        }
      ],
      "pisteet": 0,
      "matka": 0,
      "leimaustapa": [
        "GPS",
        "NFC",
        "QR"
      ],
      "luontiaika": "2016-09-28 00:40:14.070"
    },
    {
      "nimi": "Onnenonkijat",
      "jasenet": [
        "Raimo Laine",
        "Pekka Paununen",
        "Antero Paununen"
      ],
      "sarja": 5639189416640512,
      "seura": null,
      "id": 4718466942631936,
      "rastit": [
        {
          "aika": "2017-03-18 11:56:54",
          "id": 4821274903707648
        },
        {
          "aika": "2017-03-18 12:00:00",
          "id": 4821274903707648
        },
        {
          "aika": "2017-03-18 12:11:14",
          "id": 6601880566235136
        },
        {
          "aika": "2017-03-18 12:11:15",
          "id": 6601880566235136
        },
        {
          "aika": "2017-03-18 12:23:54",
          "id": "4913030705971200"
        },
        {
          "aika": "2017-03-18 12:23:57",
          "id": "4913030705971200"
        },
        {
          "aika": "2017-03-18 12:33:39",
          "id": "4810425279447040"
        },
        {
          "aika": "2017-03-18 12:33:51",
          "id": "4810425279447040"
        },
        {
          "aika": "2017-03-18 12:49:06",
          "id": "4967437606846464"
        },
        {
          "aika": "2017-03-18 12:49:24",
          "id": "4967437606846464"
        },
        {
          "aika": "2017-03-18 13:02:38",
          "id": "5373375232868352"
        },
        {
          "aika": "2017-03-18 13:02:51",
          "id": "5373375232868352"
        },
        {
          "aika": "2017-03-18 13:11:34",
          "id": "4854848931495936"
        },
        {
          "aika": "2017-03-18 13:11:37",
          "id": "4854848931495936"
        },
        {
          "aika": "2017-03-18 13:24:51",
          "id": "5528034857713664"
        },
        {
          "aika": "2017-03-18 13:41:35",
          "id": "5936325186289664"
        },
        {
          "aika": "2017-03-18 13:46:59",
          "id": "5313972748156928"
        },
        {
          "aika": "2017-03-18 13:47:11",
          "id": "5313972748156928"
        },
        {
          "aika": "2017-03-18 13:52:26",
          "id": "6305800419016704"
        },
        {
          "aika": "2017-03-18 13:52:48",
          "id": "6305800419016704"
        },
        {
          "aika": "2017-03-18 14:00:25",
          "id": "6471838888624128"
        },
        {
          "aika": "2017-03-18 14:00:45",
          "id": "6471838888624128"
        },
        {
          "aika": "2017-03-18 14:05:52",
          "id": "5091900256157696"
        },
        {
          "aika": "2017-03-18 14:05:53",
          "id": "5091900256157696"
        },
        {
          "aika": "2017-03-18 14:13:26",
          "id": "5680515860398080"
        },
        {
          "aika": "2017-03-18 14:21:36",
          "id": "6460378439483392"
        },
        {
          "aika": "2017-03-18 14:21:38",
          "id": "6460378439483392"
        },
        {
          "aika": "2017-03-18 14:27:59",
          "id": "5445149236658176"
        },
        {
          "aika": "2017-03-18 14:28:02",
          "id": "5445149236658176"
        },
        {
          "aika": "2017-03-18 14:31:50",
          "id": "6090984811134976"
        },
        {
          "aika": "2017-03-18 14:31:53",
          "id": "6090984811134976"
        },
        {
          "aika": "2017-03-18 14:37:34",
          "id": "5064464005070848"
        },
        {
          "aika": "2017-03-18 14:37:40",
          "id": "5064464005070848"
        },
        {
          "aika": "2017-03-18 14:53:39",
          "id": "5176191136825344"
        },
        {
          "aika": "2017-03-18 15:11:40",
          "id": "5373190012403712"
        },
        {
          "aika": "2017-03-18 15:11:48",
          "id": "5373190012403712"
        },
        {
          "aika": "2017-03-18 15:11:49",
          "id": "5373190012403712"
        },
        {
          "aika": "2017-03-18 15:20:17",
          "id": "6335779290742784"
        },
        {
          "aika": "2017-03-18 15:20:35",
          "id": "6335779290742784"
        },
        {
          "aika": "2017-03-18 15:36:40",
          "id": "6235743596838912"
        },
        {
          "aika": "2017-03-18 15:36:43",
          "id": "6235743596838912"
        },
        {
          "aika": "2017-03-18 15:44:09",
          "id": "4554615953555456"
        },
        {
          "aika": "2017-03-18 15:44:27",
          "id": "4554615953555456"
        },
        {
          "aika": "2017-03-18 16:00:08",
          "id": "5232196570841088"
        },
        {
          "aika": "2017-03-18 16:00:23",
          "id": "5232196570841088"
        },
        {
          "aika": "2017-03-18 16:13:31",
          "id": "6202139370061824"
        },
        {
          "aika": "2017-03-18 16:13:32",
          "id": "6202139370061824"
        },
        {
          "aika": "2017-03-18 16:22:30",
          "id": "4750123938611200"
        },
        {
          "aika": "2017-03-18 16:22:36",
          "id": "4750123938611200"
        },
        {
          "aika": "2017-03-18 16:27:35",
          "id": "4875454842404864"
        },
        {
          "aika": "2017-03-18 16:27:35",
          "id": "4875454842404864"
        },
        {
          "aika": "2017-03-18 16:40:19",
          "id": "5627413958492160"
        },
        {
          "aika": "2017-03-18 16:40:25",
          "id": "5627413958492160"
        },
        {
          "aika": "2017-03-18 16:58:02",
          "id": "4771528579219456"
        },
        {
          "aika": "2017-03-18 16:58:08",
          "id": "4771528579219456"
        },
        {
          "aika": "2017-03-18 17:09:41",
          "id": "4828368713285632"
        },
        {
          "aika": "2017-03-18 17:31:00",
          "id": "5102749880418304"
        },
        {
          "aika": "2017-03-18 17:31:13",
          "id": "5102749880418304"
        },
        {
          "aika": "2017-03-18 17:40:42",
          "id": "5248912583557120"
        },
        {
          "aika": "2017-03-18 17:40:56",
          "id": "5248912583557120"
        },
        {
          "aika": "2017-03-18 17:50:21",
          "id": "4928404407189504"
        },
        {
          "aika": "2017-03-18 17:50:36",
          "id": "4928404407189504"
        },
        {
          "aika": "2017-03-18 18:02:34",
          "id": "4763145205710848"
        },
        {
          "aika": "2017-03-18 18:02:37",
          "id": "4763145205710848"
        },
        {
          "aika": "2017-03-18 18:09:59",
          "id": "5844366849474560"
        },
        {
          "aika": "2017-03-18 18:10:02",
          "id": "5844366849474560"
        },
        {
          "aika": "2017-03-18 18:18:16",
          "id": "5920664393351168"
        },
        {
          "aika": "2017-03-18 18:18:29",
          "id": "5920664393351168"
        },
        {
          "aika": "2017-03-18 18:25:52",
          "id": "6020720354131968"
        },
        {
          "aika": "2017-03-18 18:25:55",
          "id": "6020720354131968"
        },
        {
          "aika": "2017-03-18 18:32:23",
          "id": "6374812490399744"
        },
        {
          "aika": "2017-03-18 18:32:27",
          "id": "6374812490399744"
        },
        {
          "aika": "2017-03-18 18:41:38",
          "id": "5739141090246656"
        },
        {
          "aika": "2017-03-18 18:42:05",
          "id": "5739141090246656"
        },
        {
          "aika": "2017-03-18 18:49:01",
          "id": "4685962630135808"
        },
        {
          "aika": "2017-03-18 18:49:05",
          "id": "4685962630135808"
        },
        {
          "aika": "2017-03-18 18:59:25",
          "id": "5795146524262400"
        },
        {
          "aika": "2017-03-18 18:59:27",
          "id": "5795146524262400"
        },
        {
          "aika": "2017-03-18 19:12:10",
          "id": "5466832647487488"
        },
        {
          "aika": "2017-03-18 19:12:18",
          "id": "5466832647487488"
        },
        {
          "aika": "2017-03-18 19:24:23",
          "id": "6001354749247488"
        },
        {
          "aika": "2017-03-18 19:35:11",
          "id": "6653934764556288"
        },
        {
          "aika": "2017-03-18 19:49:07",
          "id": "5076239463219200"
        },
        {
          "aika": "2017-03-18 19:52:32",
          "id": "6358096477683712"
        }
      ],
      "pisteet": 0,
      "matka": 0,
      "leimaustapa": [
        "GPS",
        "NFC"
      ],
      "luontiaika": "2014-10-20 10:24:59.630"
    },
    {
      "nimi": "Siskokset",
      "jasenet": [
        "Sanna Haavikko",
        "Seija Kallio"
      ],
      "sarja": 5639189416640512,
      "seura": null,
      "id": 5176295424000000,
      "rastit": [
        {
          "aika": "2017-03-18 12:00:00",
          "id": 4821274903707648
        },
        {
          "aika": "2017-03-18 12:13:48",
          "id": 6601880566235136
        },
        {
          "aika": "2017-03-18 12:14:07",
          "id": 6601880566235136
        },
        {
          "aika": "2017-03-18 12:27:40",
          "id": "5627413958492160"
        },
        {
          "aika": "2017-03-18 12:54:56",
          "id": "4771528579219456"
        },
        {
          "aika": "2017-03-18 12:55:43",
          "id": "4771528579219456"
        },
        {
          "aika": "2017-03-18 13:09:39",
          "id": "4828368713285632"
        },
        {
          "aika": "2017-03-18 13:09:57",
          "id": "4828368713285632"
        },
        {
          "aika": "2017-03-18 13:24:14",
          "id": "4985069521338368"
        },
        {
          "aika": "2017-03-18 13:24:22",
          "id": "4985069521338368"
        },
        {
          "aika": "2017-03-18 13:48:13",
          "id": "5897428486062080"
        },
        {
          "aika": "2017-03-18 13:48:26",
          "id": "5897428486062080"
        },
        {
          "aika": "2017-03-18 14:10:28",
          "id": "4894820447289344"
        },
        {
          "aika": "2017-03-18 14:10:30",
          "id": "4894820447289344"
        },
        {
          "aika": "2017-03-18 14:51:38",
          "id": "5548019474759680"
        },
        {
          "aika": "2017-03-18 14:51:42",
          "id": "5548019474759680"
        },
        {
          "aika": "2017-03-18 15:41:20",
          "id": "5357714439929856"
        },
        {
          "aika": "2017-03-18 15:41:41",
          "id": "5357714439929856"
        },
        {
          "aika": "2017-03-18 16:05:25",
          "id": "4928404407189504"
        },
        {
          "aika": "2017-03-18 16:05:56",
          "id": "4928404407189504"
        },
        {
          "aika": "2017-03-18 16:18:36",
          "id": "6190363911913472"
        },
        {
          "aika": "2017-03-18 16:18:38",
          "id": "6190363911913472"
        },
        {
          "aika": "2017-03-18 16:47:19",
          "id": "5266544498049024"
        },
        {
          "aika": "2017-03-18 16:47:22",
          "id": "5266544498049024"
        },
        {
          "aika": "2017-03-18 17:00:09",
          "id": "4763145205710848"
        },
        {
          "aika": "2017-03-18 17:00:25",
          "id": "4763145205710848"
        },
        {
          "aika": "2017-03-18 17:12:43",
          "id": "5844366849474560"
        },
        {
          "aika": "2017-03-18 17:12:52",
          "id": "5844366849474560"
        },
        {
          "aika": "2017-03-18 17:34:11",
          "id": "5920664393351168"
        },
        {
          "aika": "2017-03-18 17:34:20",
          "id": "5920664393351168"
        },
        {
          "aika": "2017-03-18 17:52:14",
          "id": "6020720354131968"
        },
        {
          "aika": "2017-03-18 17:52:18",
          "id": "6020720354131968"
        },
        {
          "aika": "2017-03-18 18:23:56",
          "id": "4642982221316096"
        },
        {
          "aika": "2017-03-18 18:25:02",
          "id": "4642982221316096"
        },
        {
          "aika": "2017-03-18 18:52:41",
          "id": "6439872654999552"
        },
        {
          "aika": "2017-03-18 18:53:00",
          "id": "6439872654999552"
        },
        {
          "aika": "2017-03-18 19:08:52",
          "id": "5209879383900160"
        },
        {
          "aika": "2017-03-18 19:09:12",
          "id": "5209879383900160"
        },
        {
          "aika": "2017-03-18 19:28:45",
          "id": "6653934764556288"
        },
        {
          "aika": "2017-03-18 19:29:14",
          "id": "6653934764556288"
        },
        {
          "aika": "2017-03-18 19:41:02",
          "id": "6358096477683712"
        },
        {
          "aika": "2017-03-18 19:41:04",
          "id": "6358096477683712"
        }
      ],
      "pisteet": 0,
      "matka": 0,
      "leimaustapa": [
        "GPS",
        "NFC",
        "QR"
      ],
      "luontiaika": "2015-10-18 15:40:27.842"
    },
    {
      "nimi": "Toipilas",
      "jasenet": [
        "Leena Annila",
        "Satu Lehtonen"
      ],
      "sarja": 5639189416640512,
      "seura": null,
      "id": 5403550330912768,
      "rastit": [
        {
          "aika": "2017-03-18 12:02:14",
          "id": "4821274903707648"
        },
        {
          "aika": "2017-03-18 12:15:53",
          "id": "6601880566235136"
        },
        {
          "aika": "2017-03-18 12:36:41",
          "id": "4913030705971200"
        },
        {
          "aika": "2017-03-18 12:48:00",
          "id": "4810425279447040"
        },
        {
          "aika": "2017-03-18 13:00:35",
          "id": "4967437606846464"
        },
        {
          "aika": "2017-03-18 13:23:37",
          "id": "5417798884917248"
        },
        {
          "aika": "2017-03-18 13:33:57",
          "id": "5373375232868352"
        },
        {
          "aika": "2017-03-18 13:40:38",
          "id": "4854848931495936"
        },
        {
          "aika": "2017-03-18 13:49:35",
          "id": "5528034857713664"
        },
        {
          "aika": "2017-03-18 14:12:31",
          "id": "5936325186289664"
        },
        {
          "aika": "2017-03-18 14:18:16",
          "id": "5313972748156928"
        },
        {
          "aika": "2017-03-18 14:37:46",
          "id": "6305800419016704"
        },
        {
          "aika": "2017-03-18 14:45:24",
          "id": "6471838888624128"
        },
        {
          "aika": "2017-03-18 14:50:07",
          "id": "5091900256157696"
        },
        {
          "aika": "2017-03-18 14:56:23",
          "id": "5680515860398080"
        },
        {
          "aika": "2017-03-18 15:04:57",
          "id": "6460378439483392"
        },
        {
          "aika": "2017-03-18 15:11:40",
          "id": "5445149236658176"
        },
        {
          "aika": "2017-03-18 15:15:40",
          "id": "6090984811134976"
        },
        {
          "aika": "2017-03-18 15:22:54",
          "id": "5064464005070848"
        },
        {
          "aika": "2017-03-18 15:56:30",
          "id": "6038930612813824"
        },
        {
          "aika": "2017-03-18 16:07:29",
          "id": "6235743596838912"
        },
        {
          "aika": "2017-03-18 16:11:54",
          "id": "4554615953555456"
        },
        {
          "aika": "2017-03-18 16:24:56",
          "id": "5232196570841088"
        },
        {
          "aika": "2017-03-18 16:41:46",
          "id": "6202139370061824"
        },
        {
          "aika": "2017-03-18 16:56:23",
          "id": "6601115927838720"
        },
        {
          "aika": "2017-03-18 17:06:41",
          "id": "4750123938611200"
        },
        {
          "aika": "2017-03-18 17:15:09",
          "id": "5811862536978432"
        },
        {
          "aika": "2017-03-18 17:30:36",
          "id": "4828368713285632"
        },
        {
          "aika": "2017-03-18 17:54:32",
          "id": "5102749880418304"
        },
        {
          "aika": "2017-03-18 18:19:40",
          "id": "5248912583557120"
        },
        {
          "aika": "2017-03-18 18:35:09",
          "id": "4763145205710848"
        },
        {
          "aika": "2017-03-18 18:39:28",
          "id": "5844366849474560"
        },
        {
          "aika": "2017-03-18 18:49:43",
          "id": "6020720354131968"
        },
        {
          "aika": "2017-03-18 18:57:02",
          "id": "6374812490399744"
        },
        {
          "aika": "2017-03-18 19:24:03",
          "id": "6001354749247488"
        },
        {
          "aika": "2017-03-18 19:35:13",
          "id": "6358096477683712"
        }
      ],
      "pisteet": 0,
      "matka": 0,
      "leimaustapa": [
        "GPS",
        "NFC",
        "QR"
      ],
      "luontiaika": "2016-07-16 01:34:13.510"
    },
    {
      "nimi": "Hullut fillaristit",
      "jasenet": [
        "Hannele Saari",
        "Paula Kujala"
      ],
      "sarja": 5088228730208256,
      "seura": "",
      "id": 5966500284334080,
      "rastit": [
        {
          "aika": "2017-03-18 13:06:42",
          "id": "4821274903707648"
        },
        {
          "aika": "2017-03-18 13:14:05",
          "id": "6001354749247488"
        },
        {
          "aika": "2017-03-18 13:25:31",
          "id": "5466832647487488"
        },
        {
          "aika": "2017-03-18 13:36:38",
          "id": "6498833966039040"
        },
        {
          "aika": "2017-03-18 13:47:56",
          "id": "6374812490399744"
        },
        {
          "aika": "2017-03-18 13:53:30",
          "id": "6020720354131968"
        },
        {
          "aika": "2017-03-18 14:02:47",
          "id": "5920664393351168"
        },
        {
          "aika": "2017-03-18 14:11:59",
          "id": "5844366849474560"
        },
        {
          "aika": "2017-03-18 14:17:29",
          "id": "4763145205710848"
        },
        {
          "aika": "2017-03-18 14:27:23",
          "id": "4928404407189504"
        },
        {
          "aika": "2017-03-18 14:40:52",
          "id": "5248912583557120"
        },
        {
          "aika": "2017-03-18 14:50:05",
          "id": "5102749880418304"
        },
        {
          "aika": "2017-03-18 15:19:30",
          "id": "6358096477683712"
        }
      ],
      "pisteet": 0,
      "matka": 0,
      "leimaustapa": [
        "GPS",
        "NFC",
        "QR"
      ],
      "luontiaika": "2014-12-06 02:19:35.188"
    },
    {
      "nimi": "RogRog",
      "jasenet": [
        "Samuli Paavola",
        "Mikko Meikäläinen",
        "Pekka Kosonen",
        "Antti Kaakkuri"
      ],
      "sarja": 5639189416640512,
      "seura": null,
      "id": 6700862650974208,
      "rastit": [
        {
          "aika": "2017-03-18 12:00:00",
          "id": 4821274903707648
        },
        {
          "aika": "2017-03-18 12:11:25",
          "id": 6601880566235136
        },
        {
          "aika": "2017-03-18 12:21:41",
          "id": "5627413958492160"
        },
        {
          "aika": "2017-03-18 12:35:24",
          "id": "4875454842404864"
        },
        {
          "aika": "2017-03-18 12:40:34",
          "id": "4750123938611200"
        },
        {
          "aika": "2017-03-18 12:52:47",
          "id": "6601115927838720"
        },
        {
          "aika": "2017-03-18 13:10:45",
          "id": "4967437606846464"
        },
        {
          "aika": "2017-03-18 13:26:54",
          "id": "4810425279447040"
        },
        {
          "aika": "2017-03-18 13:36:08",
          "id": "5373375232868352"
        },
        {
          "aika": "2017-03-18 13:45:17",
          "id": "4854848931495936"
        },
        {
          "aika": "2017-03-18 14:03:16",
          "id": "5528034857713664"
        },
        {
          "aika": "2017-03-18 14:11:59",
          "id": "5936325186289664"
        },
        {
          "aika": "2017-03-18 14:18:55",
          "id": "5313972748156928"
        },
        {
          "aika": "2017-03-18 14:24:06",
          "id": "6305800419016704"
        },
        {
          "aika": "2017-03-18 14:29:41",
          "id": "6471838888624128"
        },
        {
          "aika": "2017-03-18 14:33:26",
          "id": "5091900256157696"
        },
        {
          "aika": "2017-03-18 14:39:46",
          "id": "5680515860398080"
        },
        {
          "aika": "2017-03-18 14:49:41",
          "id": "6460378439483392"
        },
        {
          "aika": "2017-03-18 14:55:01",
          "id": "5445149236658176"
        },
        {
          "aika": "2017-03-18 14:58:58",
          "id": "6090984811134976"
        },
        {
          "aika": "2017-03-18 15:04:40",
          "id": "5064464005070848"
        },
        {
          "aika": "2017-03-18 15:26:34",
          "id": "5176191136825344"
        },
        {
          "aika": "2017-03-18 15:56:57",
          "id": "6038930612813824"
        },
        {
          "aika": "2017-03-18 16:07:49",
          "id": "6235743596838912"
        },
        {
          "aika": "2017-03-18 16:12:41",
          "id": "4554615953555456"
        },
        {
          "aika": "2017-03-18 16:28:56",
          "id": "5232196570841088"
        },
        {
          "aika": "2017-03-18 16:45:25",
          "id": "6029782600908800"
        },
        {
          "aika": "2017-03-18 16:53:26",
          "id": "6202139370061824"
        },
        {
          "aika": "2017-03-18 17:07:07",
          "id": "5811862536978432"
        },
        {
          "aika": "2017-03-18 17:35:35",
          "id": "4828368713285632"
        },
        {
          "aika": "2017-03-18 18:01:48",
          "id": "6592732554330112"
        },
        {
          "aika": "2017-03-18 18:21:38",
          "id": "5548019474759680"
        },
        {
          "aika": "2017-03-18 18:49:48",
          "id": "6190363911913472"
        },
        {
          "aika": "2017-03-18 18:54:56",
          "id": "4928404407189504"
        },
        {
          "aika": "2017-03-18 19:03:33",
          "id": "4763145205710848"
        },
        {
          "aika": "2017-03-18 19:07:07",
          "id": "5844366849474560"
        },
        {
          "aika": "2017-03-18 19:40:21",
          "id": "6439872654999552"
        },
        {
          "aika": "2017-03-18 19:49:13",
          "id": "5209879383900160"
        },
        {
          "aika": "2017-03-18 19:59:57",
          "id": "6358096477683712"
        }
      ],
      "pisteet": 0,
      "matka": 0,
      "leimaustapa": [
        "GPS"
      ],
      "luontiaika": "2015-11-06 02:10:54.261"
    },
    {
      "nimi": "Mudan Ystävät",
      "jasenet": [
        "Teija Kinnunen",
        "Kaija Kinnunen"
      ],
      "sarja": 5639189416640512,
      "seura": null,
      "id": 4882199283236864,
      "rastit": [
        {
          "aika": "2017-03-18 12:00:00",
          "id": 4821274903707648
        },
        {
          "aika": "2017-03-18 12:18:30",
          "id": 5627413958492160
        },
        {
          "aika": "2017-03-18 12:32:32",
          "id": "6601880566235136"
        },
        {
          "aika": "2017-03-18 13:01:08",
          "id": "5076239463219200"
        },
        {
          "aika": "2017-03-18 13:03:10",
          "id": "5076239463219200"
        },
        {
          "aika": "2017-03-18 13:22:07",
          "id": "5475980659392512"
        },
        {
          "aika": "2017-03-18 13:51:27",
          "id": "6214128637050880"
        },
        {
          "aika": "2017-03-18 14:09:33",
          "id": "6579711287230464"
        },
        {
          "aika": "2017-03-18 14:42:02",
          "id": "6001354749247488"
        },
        {
          "aika": "2017-03-18 15:22:19",
          "id": "5795146524262400"
        },
        {
          "aika": "2017-03-18 15:22:42",
          "id": "5795146524262400"
        },
        {
          "aika": "2017-03-18 15:53:29",
          "id": "4685962630135808"
        },
        {
          "aika": "2017-03-18 16:07:44",
          "id": "5739141090246656"
        },
        {
          "aika": "2017-03-18 16:29:16",
          "id": "6374812490399744"
        },
        {
          "aika": "2017-03-18 16:43:11",
          "id": "6020720354131968"
        },
        {
          "aika": "2017-03-18 16:58:43",
          "id": "5920664393351168"
        },
        {
          "aika": "2017-03-18 17:15:18",
          "id": "5844366849474560"
        },
        {
          "aika": "2017-03-18 17:25:42",
          "id": "4763145205710848"
        },
        {
          "aika": "2017-03-18 17:46:23",
          "id": "4928404407189504"
        },
        {
          "aika": "2017-03-18 18:07:37",
          "id": "5357714439929856"
        },
        {
          "aika": "2017-03-18 18:30:02",
          "id": "6592732554330112"
        },
        {
          "aika": "2017-03-18 19:23:22",
          "id": "6110969428180992"
        },
        {
          "aika": "2017-03-18 19:54:59",
          "id": "6653934764556288"
        },
        {
          "aika": "2017-03-18 20:04:07",
          "id": "6358096477683712"
        }
      ],
      "pisteet": 0,
      "matka": 0,
      "leimaustapa": [
        "GPS"
      ],
      "luontiaika": "2015-12-18 05:09:03.770"
    },
    {
      "nimi": "Sopupeli",
      "jasenet": [
        "Taina Pekkanen",
        "Antti Haukio",
        "Janne Hautanen",
        "Venla Kujala"
      ],
      "sarja": 5639189416640512,
      "seura": "",
      "id": 5453811380387840,
      "rastit": [
        {
          "aika": "2017-03-18 13:03:35",
          "id": "6358096477683712"
        },
        {
          "aika": "2017-03-18 13:50:35",
          "id": "4821274903707648"
        },
        {
          "aika": "2017-03-18 14:09:33",
          "id": "6601880566235136"
        },
        {
          "aika": "2017-03-18 14:41:47",
          "id": "4913030705971200"
        },
        {
          "aika": "2017-03-18 15:03:33",
          "id": "4810425279447040"
        },
        {
          "aika": "2017-03-18 15:36:06",
          "id": "5417798884917248"
        },
        {
          "aika": "2017-03-18 16:26:46",
          "id": "5373375232868352"
        },
        {
          "aika": "2017-03-18 16:45:02",
          "id": "4854848931495936"
        },
        {
          "aika": "2017-03-18 17:21:19",
          "id": "6029782600908800"
        },
        {
          "aika": "2017-03-18 17:37:40",
          "id": "6202139370061824"
        },
        {
          "aika": "2017-03-18 17:54:05",
          "id": "4750123938611200"
        },
        {
          "aika": "2017-03-18 18:01:17",
          "id": "4875454842404864"
        },
        {
          "aika": "2017-03-18 18:17:24",
          "id": "5627413958492160"
        },
        {
          "aika": "2017-03-18 18:51:40",
          "id": "6358096477683712"
        },
        {
          "aika": "2017-03-18 18:52:15",
          "id": "6358096477683712"
        }
      ],
      "pisteet": 0,
      "matka": 0,
      "leimaustapa": [
        "GPS"
      ],
      "luontiaika": "2017-02-05 09:58:47.334"
    },
    {
      "nimi": "Susi jo syntyessään",
      "jasenet": [
        "Riku Aarnio",
        "Janne Pannunen"
      ],
      "sarja": 5639189416640512,
      "seura": null,
      "id": 6302195330842624,
      "rastit": [
        {
          "aika": "2017-03-18 12:00:00",
          "id": 4821274903707648
        },
        {
          "aika": "2017-03-18 12:13:24",
          "id": 6601880566235136
        },
        {
          "aika": "2017-03-18 12:30:52",
          "id": "5627413958492160"
        },
        {
          "aika": "2017-03-18 12:39:03",
          "id": "4875454842404864"
        },
        {
          "aika": "2017-03-18 12:44:18",
          "id": "4750123938611200"
        },
        {
          "aika": "2017-03-18 12:51:57",
          "id": "5811862536978432"
        },
        {
          "aika": "2017-03-18 13:09:14",
          "id": "6392444404891648"
        },
        {
          "aika": "2017-03-18 13:30:26",
          "id": "6202139370061824"
        },
        {
          "aika": "2017-03-18 13:40:25",
          "id": "6601115927838720"
        },
        {
          "aika": "2017-03-18 14:16:45",
          "id": "4854848931495936"
        },
        {
          "aika": "2017-03-18 14:25:16",
          "id": "6029782600908800"
        },
        {
          "aika": "2017-03-18 14:46:28",
          "id": "5232196570841088"
        },
        {
          "aika": "2017-03-18 15:13:40",
          "id": "4554615953555456"
        },
        {
          "aika": "2017-03-18 15:18:45",
          "id": "6235743596838912"
        },
        {
          "aika": "2017-03-18 15:46:03",
          "id": "5720036136189952"
        },
        {
          "aika": "2017-03-18 16:15:45",
          "id": "4669246617419776"
        },
        {
          "aika": "2017-03-18 16:44:26",
          "id": "6529450237755392"
        },
        {
          "aika": "2017-03-18 16:57:40",
          "id": "5373190012403712"
        },
        {
          "aika": "2017-03-18 17:16:55",
          "id": "6038930612813824"
        },
        {
          "aika": "2017-03-18 17:27:10",
          "id": "5064464005070848"
        },
        {
          "aika": "2017-03-18 17:44:46",
          "id": "6090984811134976"
        },
        {
          "aika": "2017-03-18 17:55:49",
          "id": "5445149236658176"
        },
        {
          "aika": "2017-03-18 18:02:38",
          "id": "5445149236658176"
        },
        {
          "aika": "2017-03-18 18:03:38",
          "id": "6460378439483392"
        },
        {
          "aika": "2017-03-18 18:11:04",
          "id": "5680515860398080"
        },
        {
          "aika": "2017-03-18 18:17:10",
          "id": "5091900256157696"
        },
        {
          "aika": "2017-03-18 18:22:25",
          "id": "5091900256157696"
        },
        {
          "aika": "2017-03-18 18:22:54",
          "id": "5876922701578240"
        },
        {
          "aika": "2017-03-18 18:30:56",
          "id": "6471838888624128"
        },
        {
          "aika": "2017-03-18 18:39:14",
          "id": "6305800419016704"
        },
        {
          "aika": "2017-03-18 18:44:20",
          "id": "5313972748156928"
        },
        {
          "aika": "2017-03-18 19:09:26",
          "id": "5373375232868352"
        },
        {
          "aika": "2017-03-18 19:18:20",
          "id": "4810425279447040"
        },
        {
          "aika": "2017-03-18 19:48:47",
          "id": "6358096477683712"
        }
      ],
      "pisteet": 0,
      "matka": 0,
      "leimaustapa": [
        "GPS",
        "NFC",
        "QR"
      ],
      "luontiaika": "2015-12-13 06:35:41.435"
    },
    {
      "nimi": "Retkellä v 13",
      "jasenet": [
        "Katja Vitikka",
        "Henna Venäläinen"
      ],
      "sarja": 4751022794735616,
      "seura": "",
      "id": 5461375488884736,
      "rastit": [
        {
          "aika": "2017-03-18 12:25:21",
          "id": "4821274903707648"
        },
        {
          "aika": "2017-03-18 12:41:28",
          "id": "6601880566235136"
        },
        {
          "aika": "2017-03-18 12:58:18",
          "id": "5627413958492160"
        },
        {
          "aika": "2017-03-18 13:10:29",
          "id": "4875454842404864"
        },
        {
          "aika": "2017-03-18 13:17:45",
          "id": "4750123938611200"
        },
        {
          "aika": "2017-03-18 13:45:19",
          "id": "6202139370061824"
        },
        {
          "aika": "2017-03-18 13:59:38",
          "id": "6601115927838720"
        },
        {
          "aika": "2017-03-18 14:42:48",
          "id": "4967437606846464"
        },
        {
          "aika": "2017-03-18 15:03:12",
          "id": "4810425279447040"
        },
        {
          "aika": "2017-03-18 15:24:45",
          "id": "4913030705971200"
        },
        {
          "aika": "2017-03-18 15:24:48",
          "id": "4913030705971200"
        },
        {
          "aika": "2017-03-18 16:07:47",
          "id": "6358096477683712"
        }
      ],
      "pisteet": 0,
      "matka": 0,
      "leimaustapa": [
        "GPS"
      ],
      "luontiaika": "2015-10-02 00:01:39.804"
    },
    {
      "nimi": "Tollot",
      "jasenet": [
        "Juju",
        "Tappi"
      ],
      "sarja": 5639189416640512,
      "seura": "",
      "id": 4965084904292352,
      "rastit": [
        {
          "aika": "2017-03-18 12:00:00",
          "id": 4821274903707648
        },
        {
          "aika": "2017-03-18 12:16:04",
          "id": 6601880566235136
        },
        {
          "aika": "2017-03-18 12:28:33",
          "id": "5627413958492160"
        },
        {
          "aika": "2017-03-18 12:35:52",
          "id": "4875454842404864"
        },
        {
          "aika": "2017-03-18 12:40:32",
          "id": "4750123938611200"
        },
        {
          "aika": "2017-03-18 12:53:52",
          "id": "5811862536978432"
        },
        {
          "aika": "2017-03-18 12:59:51",
          "id": "6202139370061824"
        },
        {
          "aika": "2017-03-18 13:22:17",
          "id": "5232196570841088"
        },
        {
          "aika": "2017-03-18 13:59:10",
          "id": "4854848931495936"
        },
        {
          "aika": "2017-03-18 14:07:04",
          "id": "4554615953555456"
        },
        {
          "aika": "2017-03-18 14:16:47",
          "id": "6529450237755392"
        },
        {
          "aika": "2017-03-18 14:23:08",
          "id": "6235743596838912"
        },
        {
          "aika": "2017-03-18 14:36:04",
          "id": "5373190012403712"
        },
        {
          "aika": "2017-03-18 15:10:03",
          "id": "5176191136825344"
        },
        {
          "aika": "2017-03-18 15:29:21",
          "id": "5064464005070848"
        },
        {
          "aika": "2017-03-18 15:33:45",
          "id": "6305800419016704"
        },
        {
          "aika": "2017-03-18 15:39:01",
          "id": "5313972748156928"
        },
        {
          "aika": "2017-03-18 15:48:17",
          "id": "6471838888624128"
        },
        {
          "aika": "2017-03-18 15:52:57",
          "id": "6090984811134976"
        },
        {
          "aika": "2017-03-18 15:56:29",
          "id": "5445149236658176"
        },
        {
          "aika": "2017-03-18 16:02:58",
          "id": "6460378439483392"
        },
        {
          "aika": "2017-03-18 16:11:31",
          "id": "5680515860398080"
        },
        {
          "aika": "2017-03-18 16:18:53",
          "id": "5091900256157696"
        },
        {
          "aika": "2017-03-18 16:47:40",
          "id": "5876922701578240"
        },
        {
          "aika": "2017-03-18 17:06:59",
          "id": "5373375232868352"
        },
        {
          "aika": "2017-03-18 17:16:11",
          "id": "4810425279447040"
        },
        {
          "aika": "2017-03-18 17:31:20",
          "id": "4967437606846464"
        },
        {
          "aika": "2017-03-18 17:54:13",
          "id": "6601115927838720"
        },
        {
          "aika": "2017-03-18 18:40:40",
          "id": "5076239463219200"
        },
        {
          "aika": "2017-03-18 18:58:34",
          "id": "6653934764556288"
        },
        {
          "aika": "2017-03-18 19:06:49",
          "id": "6358096477683712"
        }
      ],
      "pisteet": 0,
      "matka": 0,
      "leimaustapa": [
        "GPS",
        "NFC"
      ],
      "luontiaika": "2015-03-05 14:24:33.694"
    },
    {
      "nimi": "Rennot 1",
      "jasenet": [
        "Anja Huttunen",
        "Siru Kananen"
      ],
      "sarja": 5639189416640512,
      "seura": null,
      "id": 6016761333809152,
      "rastit": [
        {
          "aika": "2017-03-18 12:00:00",
          "id": 4821274903707648
        },
        {
          "aika": "2017-03-18 12:14:37",
          "id": 6110969428180992
        },
        {
          "aika": "2017-03-18 12:37:11",
          "id": "4771528579219456"
        },
        {
          "aika": "2017-03-18 12:49:22",
          "id": "4828368713285632"
        },
        {
          "aika": "2017-03-18 12:56:34",
          "id": "4985069521338368"
        },
        {
          "aika": "2017-03-18 13:14:50",
          "id": "5897428486062080"
        },
        {
          "aika": "2017-03-18 13:25:04",
          "id": "4894820447289344"
        },
        {
          "aika": "2017-03-18 13:58:44",
          "id": "5548019474759680"
        },
        {
          "aika": "2017-03-18 14:42:03",
          "id": "5357714439929856"
        },
        {
          "aika": "2017-03-18 15:01:31",
          "id": "6190363911913472"
        },
        {
          "aika": "2017-03-18 15:08:20",
          "id": "4928404407189504"
        },
        {
          "aika": "2017-03-18 15:58:37",
          "id": "4763145205710848"
        },
        {
          "aika": "2017-03-18 16:06:19",
          "id": "5844366849474560"
        },
        {
          "aika": "2017-03-18 16:29:50",
          "id": "6217800163000320"
        },
        {
          "aika": "2017-03-18 16:39:54",
          "id": "5920664393351168"
        },
        {
          "aika": "2017-03-18 16:47:45",
          "id": "6020720354131968"
        },
        {
          "aika": "2017-03-18 16:54:55",
          "id": "6374812490399744"
        },
        {
          "aika": "2017-03-18 17:05:04",
          "id": "5739141090246656"
        },
        {
          "aika": "2017-03-18 18:01:23",
          "id": "4642982221316096"
        },
        {
          "aika": "2017-03-18 18:17:17",
          "id": "6439872654999552"
        },
        {
          "aika": "2017-03-18 18:29:30",
          "id": "5209879383900160"
        },
        {
          "aika": "2017-03-18 18:41:56",
          "id": "6653934764556288"
        },
        {
          "aika": "2017-03-18 19:25:14",
          "id": "6601880566235136"
        },
        {
          "aika": "2017-03-18 19:34:31",
          "id": "5627413958492160"
        },
        {
          "aika": "2017-03-18 19:49:08",
          "id": "5076239463219200"
        },
        {
          "aika": "2017-03-18 19:53:06",
          "id": "6358096477683712"
        }
      ],
      "pisteet": 0,
      "matka": 0,
      "leimaustapa": [
        "GPS"
      ],
      "luontiaika": "2015-08-12 15:56:16.657"
    },
    {
      "nimi": "Rennot 2",
      "jasenet": [
        "Heikki Häkkinen",
        "Sari Maaninka",
        "Pia Virtanen"
      ],
      "sarja": 4751022794735616,
      "seura": null,
      "id": 6515549978755072,
      "rastit": [
        {
          "aika": "2017-03-18 12:00:00",
          "id": 4821274903707648
        },
        {
          "aika": "2017-03-18 12:19:41",
          "id": 6653934764556288
        },
        {
          "aika": "2017-03-18 12:19:51",
          "id": 6653934764556288
        },
        {
          "aika": "2017-03-18 12:37:09",
          "id": "5209879383900160"
        },
        {
          "aika": "2017-03-18 12:37:27",
          "id": "5209879383900160"
        },
        {
          "aika": "2017-03-18 12:55:28",
          "id": "6110969428180992"
        },
        {
          "aika": "2017-03-18 12:56:44",
          "id": "6110969428180992"
        },
        {
          "aika": "2017-03-18 13:14:55",
          "id": "5102749880418304"
        },
        {
          "aika": "2017-03-18 13:15:20",
          "id": "5102749880418304"
        },
        {
          "aika": "2017-03-18 13:30:43",
          "id": "6592732554330112"
        },
        {
          "aika": "2017-03-18 13:30:48",
          "id": "6592732554330112"
        },
        {
          "aika": "2017-03-18 13:44:44",
          "id": "5357714439929856"
        },
        {
          "aika": "2017-03-18 13:44:48",
          "id": "5357714439929856"
        },
        {
          "aika": "2017-03-18 14:12:44",
          "id": "5248912583557120"
        },
        {
          "aika": "2017-03-18 14:13:29",
          "id": "5248912583557120"
        },
        {
          "aika": "2017-03-18 14:28:44",
          "id": "4928404407189504"
        },
        {
          "aika": "2017-03-18 14:29:29",
          "id": "4928404407189504"
        },
        {
          "aika": "2017-03-18 14:37:19",
          "id": "6190363911913472"
        },
        {
          "aika": "2017-03-18 14:37:23",
          "id": "6190363911913472"
        },
        {
          "aika": "2017-03-18 14:51:25",
          "id": "5266544498049024"
        },
        {
          "aika": "2017-03-18 14:51:47",
          "id": "5266544498049024"
        },
        {
          "aika": "2017-03-18 14:56:38",
          "id": "4763145205710848"
        },
        {
          "aika": "2017-03-18 14:56:41",
          "id": "4763145205710848"
        },
        {
          "aika": "2017-03-18 14:56:59",
          "id": "4763145205710848"
        },
        {
          "aika": "2017-03-18 15:03:56",
          "id": "5844366849474560"
        },
        {
          "aika": "2017-03-18 15:04:05",
          "id": "5844366849474560"
        },
        {
          "aika": "2017-03-18 15:13:09",
          "id": "6020720354131968"
        },
        {
          "aika": "2017-03-18 15:13:32",
          "id": "6020720354131968"
        },
        {
          "aika": "2017-03-18 15:18:12",
          "id": "6374812490399744"
        },
        {
          "aika": "2017-03-18 15:18:39",
          "id": "6374812490399744"
        },
        {
          "aika": "2017-03-18 15:28:00",
          "id": "5739141090246656"
        },
        {
          "aika": "2017-03-18 15:28:01",
          "id": "5739141090246656"
        },
        {
          "aika": "2017-03-18 16:11:57",
          "id": "6358096477683712"
        },
        {
          "aika": "2017-03-18 16:12:17",
          "id": "6358096477683712"
        }
      ],
      "pisteet": 0,
      "matka": 0,
      "leimaustapa": [
        "GPS",
        "NFC"
      ],
      "luontiaika": "2016-10-01 22:50:00.023"
    },
    {
      "nimi": "Tähdenlento",
      "jasenet": [
        "Anu",
        "Virva"
      ],
      "sarja": 4751022794735616,
      "seura": null,
      "id": 6548054291251200,
      "rastit": [

      ],
      "pisteet": 0,
      "matka": 0,
      "leimaustapa": [
        "GPS",
        "NFC",
        "QR"
      ],
      "luontiaika": "2016-06-12 00:39:24.377"
    },
    {
      "nimi": "Vapaat",
      "jasenet": [
        "Matti Vapaa",
        "Juha Vapaa"
      ],
      "sarja": 4751022794735616,
      "seura": "",
      "id": 6288168907177984,
      "rastit": [
        {
          "aika": "2017-03-18 12:00:00",
          "id": 4821274903707648
        },
        {
          "aika": "2017-03-18 12:06:42",
          "id": 5076239463219200
        },
        {
          "aika": "2017-03-18 12:19:31",
          "id": 6601880566235136
        },
        {
          "aika": "2017-03-18 12:19:47",
          "id": 6601880566235136
        },
        {
          "aika": "2017-03-18 12:32:22",
          "id": 5627413958492160
        },
        {
          "aika": "2017-03-18 12:40:24",
          "id": 4875454842404864
        },
        {
          "aika": "2017-03-18 12:45:36",
          "id": 4750123938611200
        },
        {
          "aika": "2017-03-18 12:53:37",
          "id": 6601115927838720
        },
        {
          "aika": "2017-03-18 13:16:31",
          "id": 4967437606846464
        },
        {
          "aika": "2017-03-18 13:28:52",
          "id": 4810425279447040
        },
        {
          "aika": "2017-03-18 13:29:28",
          "id": 4810425279447040
        },
        {
          "aika": "2017-03-18 13:36:57",
          "id": 5373375232868352
        },
        {
          "aika": "2017-03-18 13:47:17",
          "id": 4854848931495936
        },
        {
          "aika": "2017-03-18 14:10:07",
          "id": 6202139370061824
        },
        {
          "aika": "2017-03-18 14:18:27",
          "id": 5811862536978432
        },
        {
          "aika": "2017-03-18 14:29:23",
          "id": 4828368713285632
        },
        {
          "aika": "2017-03-18 14:37:43",
          "id": 4771528579219456
        },
        {
          "aika": "2017-03-18 14:55:38",
          "id": 6110969428180992
        },
        {
          "aika": "2017-03-18 15:10:55",
          "id": 6439872654999552
        },
        {
          "aika": "2017-03-18 15:19:44",
          "id": 5209879383900160
        },
        {
          "aika": "2017-03-18 15:31:41",
          "id": 5466832647487488
        },
        {
          "aika": "2017-03-18 15:40:37",
          "id": 6001354749247488
        },
        {
          "aika": "2017-03-18 15:49:04",
          "id": 6653934764556288
        },
        {
          "aika": "2017-03-18 15:56:06",
          "id": 6358096477683712
        }
      ],
      "pisteet": 0,
      "matka": 0,
      "leimaustapa": [
        "GPS",
        "NFC",
        "QR"
      ],
      "luontiaika": "2016-02-14 04:45:20.238"
    },
    {
      "nimi": "Vara 1",
      "jasenet": [
        "foobar"
      ],
      "sarja": 5639189416640512,
      "seura": "",
      "id": 5694912590774272,
      "rastit": [

      ],
      "pisteet": 0,
      "matka": 0,
      "leimaustapa": [
        "GPS"
      ],
      "luontiaika": "2015-09-23 16:15:34.748"
    },
    {
      "nimi": "Vara 2",
      "jasenet": [
        "barfoo"
      ],
      "sarja": 5639189416640512,
      "seura": "",
      "id": 6250687935545344,
      "rastit": [

      ],
      "pisteet": 0,
      "matka": 0,
      "leimaustapa": [
        "GPS",
        "NFC"
      ],
      "luontiaika": "2015-12-12 17:24:03.110"
    },
    {
      "nimi": "Vara 3",
      "jasenet": [
        "barbar"
      ],
      "sarja": 5639189416640512,
      "seura": "",
      "id": 4908424756199424,
      "rastit": [

      ],
      "pisteet": 0,
      "matka": 0,
      "leimaustapa": [
        "GPS",
        "NFC"
      ],
      "luontiaika": "2014-10-20 10:14:56.733"
    },
    {
      "nimi": "Vara 4",
      "jasenet": [
        "foofoo"
      ],
      "sarja": 5639189416640512,
      "seura": "",
      "id": 6306646393356288,
      "rastit": [

      ],
      "pisteet": 0,
      "matka": 0,
      "leimaustapa": [
        "GPS",
        "NFC",
        "QR"
      ],
      "luontiaika": "2016-05-16 03:50:42.489"
    },
    {
      "nimi": "Pelättimet",
      "jasenet": [
        "Kari Vaara",
        "Katja Vaara"
      ],
      "sarja": 4751022794735616,
      "seura": null,
      "id": 5574962744131584,
      "rastit": [
        {
          "aika": "2017-03-18 12:00:00",
          "id": 4821274903707648
        },
        {
          "aika": "2017-03-18 12:12:18",
          "id": 6601880566235136
        },
        {
          "aika": "2017-03-18 12:22:22",
          "id": 5627413958492160
        },
        {
          "aika": "2017-03-18 12:39:01",
          "id": "4771528579219456"
        },
        {
          "aika": "2017-03-18 12:49:25",
          "id": "4828368713285632"
        },
        {
          "aika": "2017-03-18 12:58:58",
          "id": "4985069521338368"
        },
        {
          "aika": "2017-03-18 13:18:44",
          "id": "5897428486062080"
        },
        {
          "aika": "2017-03-18 13:36:10",
          "id": "6592732554330112"
        },
        {
          "aika": "2017-03-18 13:52:29",
          "id": "5548019474759680"
        },
        {
          "aika": "2017-03-18 14:19:54",
          "id": "5357714439929856"
        },
        {
          "aika": "2017-03-18 14:35:00",
          "id": "5102749880418304"
        },
        {
          "aika": "2017-03-18 14:53:41",
          "id": "6110969428180992"
        },
        {
          "aika": "2017-03-18 15:10:12",
          "id": "5209879383900160"
        },
        {
          "aika": "2017-03-18 15:19:14",
          "id": "6653934764556288"
        },
        {
          "aika": "2017-03-18 15:27:54",
          "id": "6001354749247488"
        },
        {
          "aika": "2017-03-18 15:38:23",
          "id": "5076239463219200"
        },
        {
          "aika": "2017-03-18 15:44:08",
          "id": "6358096477683712"
        }
      ],
      "pisteet": 0,
      "matka": 0,
      "leimaustapa": [
        "GPS",
        "NFC",
        "QR"
      ],
      "luontiaika": "2014-10-30 06:10:52.706"
    }
  ]
}